"Year","HouseVotes","SenateVotes"
1789,35,21
1790,52,62
1791,29,25
1792,61,37
1793,34,7
1794,60,63
1795,9,35
1796,46,47
1797,74,48
1798,80,141
1799,39,34
1800,58,80
1801,38,42
1802,97,60
1803,73,53
1804,84,78
1805,23,51
1806,106,62
1807,83,26
1808,125,46
1809,117,56
1810,155,99
1811,127,66
1812,220,109
1813,153,155
1814,200,126
1815,66,78
1816,70,130
1817,43,46
1818,75,79
1819,31,49
1820,91,75
1821,55,45
1822,70,63
1823,25,34
1824,80,125
1825,13,59
1826,58,122
1827,56,101
1828,163,179
1829,73,79
1830,186,178
1831,82,81
1832,335,283
1833,134,140
1834,223,145
1835,109,81
1836,321,249
1837,190,242
1838,309,228
1839,162,129
1840,590,267
1841,381,396
1842,549,370
1843,178,123
1844,419,214
1845,174,109
1846,448,241
1847,183,127
1848,330,269
1849,147,84
1850,437,357
1851,145,161
1852,333,208
1853,115,143
1854,449,347
1855,162,175
1856,534,311
1857,190,180
1858,350,414
1859,194,282
1860,306,348
1861,186,352
1862,329,434
1863,270,264
1864,421,416
1865,172,167
1866,384,283
1867,348,354
1868,395,424
1869,273,241
1870,397,474
1871,237,293
1872,290,503
1873,151,204
1874,224,253
1875,234,171
1876,220,331
1877,154,169
1878,218,270
1879,250,416
1880,193,228
1881,108,390
1882,262,407
1883,87,344
1884,211,266
1885,121,170
1886,219,310
1887,87,137
1888,217,242
1889,103,159
1890,452,372
1891,133,139
1892,230,106
1893,153,186
1894,255,382
1895,45,102
1896,104,127
1897,91,265
1898,113,131
1899,37,50
1900,92,97
1901,55,75
1902,68,95
1903,122,20
1904,47,43
1905,33,48
1906,101,88
1907,35,40
1908,274,49
1909,72,165
1910,98,99
1911,123,135
1912,150,195
1913,129,290
1914,156,288
1915,59,103
1916,98,272
1917,117,316
1918,148,157
1919,194,206
1920,118,160
1921,232,283
1922,162,484
1923,60,95
1924,121,137
1925,52,80
1926,79,157
1927,37,79
1928,49,131
1929,31,170
1930,59,265
1931,34,80
1932,87,198
1933,92,150
1934,82,130
1935,131,132
1936,81,61
1937,97,93
1938,61,81
1939,94,114
1940,133,151
1941,80,99
1942,72,94
1943,91,122
1944,65,98
1945,101,108
1946,130,136
1947,84,138
1948,79,110
1949,121,226
1950,150,228
1951,113,201
1952,72,113
1953,71,90
1954,76,181
1955,76,87
1956,73,130
1957,100,107
1958,93,200
1959,87,215
1960,93,207
1961,116,204
1962,124,224
1963,119,229
1964,113,305
1965,201,259
1966,193,238
1967,245,315
1968,233,281
1969,177,245
1970,266,421
1971,320,423
1972,329,532
1973,541,594
1974,537,544
1975,612,611
1976,661,700
1977,706,636
1978,834,520
1979,672,508
1980,604,546
1981,353,497
1982,459,469
1983,498,371
1984,408,292
1985,439,381
1986,451,359
1987,488,420
1988,451,379
1989,368,312
1990,511,326
1991,428,280
1992,473,270
1993,597,395
1994,497,329
1995,867,613
1996,454,306
1997,633,298
1998,533,314
1999,609,374
2000,600,298
2001,507,380
2002,483,253
2003,675,459
2004,543,216
2005,669,366
2006,541,279
2007,1177,442
2008,688,215
2009,987,397
2010,660,299
2011,945,235
2012,652,250
2013,645,292
2014,562,366
2015,702,339
2016,620,163
2017,709,325
2018,498,274
2019,700,428
2020,252,290
2021,448,530
2022,548,421
2023,719,352
2024,516,339
2025,361,659
